{
  "rows": [
    {
      "mean_system_rate_bps": 4843733649.459125,
      "p05_system_rate_bps": 0.0,
      "mean_ue_rate_when_scheduled_bps": 338077856.24397445,
      "p05_ue_rate_when_scheduled_bps": 33539704.192768443,
      "outage_fraction": 0.005478884658770446,
      "mean_tbler": 0.0,
      "mean_sinr_db": 14.188402751661352,
      "p05_sinr_db": -3.8018245697021484,
      "mean_mcs_index": -1.0,
      "p05_mcs_index": -1.0,
      "mean_data_fraction": 0.6675324675324674,
      "mean_csi_overhead": 0.019047619047619046,
      "mean_ssb_overhead": 0.005194805194805195,
      "mean_ctrl_overhead": 0.09870129870129872,
      "mean_dl_available_fraction": 0.7714285714285715,
      "sensing_hint_usage_fraction": 0.0,
      "sensing_fallback_fraction": 0.0,
      "mean_sensing_candidate_beams_when_used": null,
      "sensing_gate_rejected_fraction": null,
      "handover_count": 25,
      "weather_id": "clear_day",
      "csi_rs_period_ms": 5.0,
      "condition": "conventional_4beam",
      "mean_system_rate_delta_vs_baseline_bps": 0.0,
      "mean_system_rate_delta_vs_baseline_percent": 0.0,
      "paper_primary_detector": null
    },
    {
      "mean_system_rate_bps": 4065055556.123248,
      "p05_system_rate_bps": 0.0,
      "mean_ue_rate_when_scheduled_bps": 364793781.77683234,
      "p05_ue_rate_when_scheduled_bps": 67443382.95676492,
      "outage_fraction": 0.0027918781725888315,
      "mean_tbler": 0.0,
      "mean_sinr_db": 15.74302287302693,
      "p05_sinr_db": 0.07536878436803818,
      "mean_mcs_index": -1.0,
      "p05_mcs_index": -1.0,
      "mean_data_fraction": 0.6675324675324674,
      "mean_csi_overhead": 0.05714285714285715,
      "mean_ssb_overhead": 0.005194805194805195,
      "mean_ctrl_overhead": 0.09870129870129872,
      "mean_dl_available_fraction": 0.7714285714285715,
      "sensing_hint_usage_fraction": 0.0,
      "sensing_fallback_fraction": 0.0,
      "mean_sensing_candidate_beams_when_used": null,
      "sensing_gate_rejected_fraction": null,
      "handover_count": 25,
      "weather_id": "clear_day",
      "csi_rs_period_ms": 5.0,
      "condition": "conventional_12beam",
      "mean_system_rate_delta_vs_baseline_bps": -778678093.3358765,
      "mean_system_rate_delta_vs_baseline_percent": -16.075989096197052,
      "paper_primary_detector": null
    },
    {
      "mean_system_rate_bps": 4974483246.330359,
      "p05_system_rate_bps": 0.0,
      "mean_ue_rate_when_scheduled_bps": 332667461.8821066,
      "p05_ue_rate_when_scheduled_bps": 19437211.2642635,
      "outage_fraction": 0.010503224259332282,
      "mean_tbler": 0.0,
      "mean_sinr_db": 13.675498313297025,
      "p05_sinr_db": -6.512101173400879,
      "mean_mcs_index": -1.0,
      "p05_mcs_index": -1.0,
      "mean_data_fraction": 0.6675324675324674,
      "mean_csi_overhead": 0.013883026695526698,
      "mean_ssb_overhead": 0.005194805194805195,
      "mean_ctrl_overhead": 0.09870129870129872,
      "mean_dl_available_fraction": 0.7714285714285715,
      "sensing_hint_usage_fraction": 0.7634785353535354,
      "sensing_fallback_fraction": 0.23652146464646465,
      "mean_sensing_candidate_beams_when_used": 2.579443502708066,
      "sensing_gate_rejected_fraction": 0.03970302139992853,
      "handover_count": 25,
      "weather_id": "clear_day",
      "csi_rs_period_ms": 5.0,
      "detector": "top1_ce_cross_agent",
      "source": "v9_source_reused",
      "mean_system_rate_delta_vs_baseline_bps": 130749596.8712349,
      "mean_system_rate_delta_vs_baseline_percent": 2.699355627984108,
      "condition": "sensing_imm",
      "paper_primary_detector": "v3_rt_anchor_beam_top1_ce_cross_agent"
    },
    {
      "mean_system_rate_bps": 4722271643.357729,
      "p05_system_rate_bps": 0.0,
      "mean_ue_rate_when_scheduled_bps": 327935530.7887313,
      "p05_ue_rate_when_scheduled_bps": 4183033.8063565167,
      "outage_fraction": 0.007994879349046016,
      "mean_tbler": 0.0,
      "mean_sinr_db": 12.814666620406147,
      "p05_sinr_db": -13.524823188781738,
      "mean_mcs_index": -1.0,
      "p05_mcs_index": -1.0,
      "mean_data_fraction": 0.6675324675324674,
      "mean_csi_overhead": 0.019047619047619046,
      "mean_ssb_overhead": 0.005194805194805195,
      "mean_ctrl_overhead": 0.09870129870129872,
      "mean_dl_available_fraction": 0.7714285714285715,
      "sensing_hint_usage_fraction": 0.0,
      "sensing_fallback_fraction": 0.0,
      "mean_sensing_candidate_beams_when_used": null,
      "sensing_gate_rejected_fraction": null,
      "handover_count": 39,
      "weather_id": "rain_fog_day",
      "csi_rs_period_ms": 5.0,
      "condition": "conventional_4beam",
      "mean_system_rate_delta_vs_baseline_bps": 0.0,
      "mean_system_rate_delta_vs_baseline_percent": 0.0,
      "paper_primary_detector": null
    },
    {
      "mean_system_rate_bps": 3690936736.7153254,
      "p05_system_rate_bps": 0.0,
      "mean_ue_rate_when_scheduled_bps": 329964544.82103765,
      "p05_ue_rate_when_scheduled_bps": 3951616.3685105066,
      "outage_fraction": 0.010665748600325084,
      "mean_tbler": 0.0,
      "mean_sinr_db": 12.648276909426018,
      "p05_sinr_db": -13.775776863098145,
      "mean_mcs_index": -1.0,
      "p05_mcs_index": -1.0,
      "mean_data_fraction": 0.6675324675324674,
      "mean_csi_overhead": 0.05714285714285715,
      "mean_ssb_overhead": 0.005194805194805195,
      "mean_ctrl_overhead": 0.09870129870129872,
      "mean_dl_available_fraction": 0.7714285714285715,
      "sensing_hint_usage_fraction": 0.0,
      "sensing_fallback_fraction": 0.0,
      "mean_sensing_candidate_beams_when_used": null,
      "sensing_gate_rejected_fraction": null,
      "handover_count": 39,
      "weather_id": "rain_fog_day",
      "csi_rs_period_ms": 5.0,
      "condition": "conventional_12beam",
      "mean_system_rate_delta_vs_baseline_bps": -1031334906.6424036,
      "mean_system_rate_delta_vs_baseline_percent": -21.839804749332085,
      "paper_primary_detector": null
    },
    {
      "mean_system_rate_bps": 4825644120.749521,
      "p05_system_rate_bps": 0.0,
      "mean_ue_rate_when_scheduled_bps": 323725809.45074767,
      "p05_ue_rate_when_scheduled_bps": 3357191.4951135586,
      "outage_fraction": 0.019335914504561656,
      "mean_tbler": 0.0,
      "mean_sinr_db": 12.215632635570914,
      "p05_sinr_db": -14.495755195617676,
      "mean_mcs_index": -1.0,
      "p05_mcs_index": -1.0,
      "mean_data_fraction": 0.6675324675324674,
      "mean_csi_overhead": 0.015727212602212604,
      "mean_ssb_overhead": 0.005194805194805195,
      "mean_ctrl_overhead": 0.09870129870129872,
      "mean_dl_available_fraction": 0.7714285714285715,
      "sensing_hint_usage_fraction": 0.5664930555555555,
      "sensing_fallback_fraction": 0.43350694444444443,
      "mean_sensing_candidate_beams_when_used": 2.769119326888251,
      "sensing_gate_rejected_fraction": 0.15633226776983827,
      "handover_count": 39,
      "weather_id": "rain_fog_day",
      "csi_rs_period_ms": 5.0,
      "detector": "top1_ce_cross_agent",
      "source": "rain_margin010_refresh",
      "mean_system_rate_delta_vs_baseline_bps": 103372477.3917923,
      "mean_system_rate_delta_vs_baseline_percent": 2.1890413173751737,
      "condition": "sensing_imm",
      "paper_primary_detector": "v3_rt_anchor_beam_top1_ce_cross_agent"
    },
    {
      "mean_system_rate_bps": 4089815443.427313,
      "p05_system_rate_bps": 0.0,
      "mean_ue_rate_when_scheduled_bps": 287830901.3288576,
      "p05_ue_rate_when_scheduled_bps": 3591657.0777242836,
      "outage_fraction": 0.02085199402857752,
      "mean_tbler": 0.0,
      "mean_sinr_db": 10.53384303497157,
      "p05_sinr_db": -14.203617095947266,
      "mean_mcs_index": -1.0,
      "p05_mcs_index": -1.0,
      "mean_data_fraction": 0.6675324675324674,
      "mean_csi_overhead": 0.019047619047619046,
      "mean_ssb_overhead": 0.005194805194805195,
      "mean_ctrl_overhead": 0.09870129870129872,