{
  "rows": [
    {
      "mean_system_rate_bps": 5087008251.571343,
      "p05_system_rate_bps": 0.0,
      "mean_ue_rate_when_scheduled_bps": 350135445.6564951,
      "p05_ue_rate_when_scheduled_bps": 22373238.85614222,
      "outage_fraction": 0.006184212355910286,
      "mean_tbler": 0.0,
      "mean_sinr_db": 14.674953198701711,
      "p05_sinr_db": -5.823326110839844,
      "mean_mcs_index": -1.0,
      "p05_mcs_index": -1.0,
      "mean_data_fraction": 0.6675324675324674,
      "mean_csi_overhead": 0.01746843434343434,
      "mean_ssb_overhead": 0.005194805194805195,
      "mean_ctrl_overhead": 0.09870129870129872,
      "mean_dl_available_fraction": 0.7714285714285715,
      "sensing_hint_usage_fraction": 0.8155618686868686,
      "sensing_fallback_fraction": 0.1844381313131313,
      "mean_sensing_candidate_beams_when_used": 3.5933738437125053,
      "sensing_gate_rejected_fraction": 0.010342053855287853,
      "handover_count": 25,
      "weather_id": "clear_day",
      "csi_rs_period_ms": 5.0,
      "loss_variant": "power_kl_ranking_cross_agent",
      "detector": "cross_agent_multimodal",
      "source": "v9_source_reused",
      "mean_system_rate_delta_vs_baseline_bps": 0.0,
      "mean_system_rate_delta_vs_baseline_percent": 0.0
    },
    {
      "mean_system_rate_bps": 4974483246.330359,
      "p05_system_rate_bps": 0.0,
      "mean_ue_rate_when_scheduled_bps": 332667461.8821066,
      "p05_ue_rate_when_scheduled_bps": 19437211.2642635,
      "outage_fraction": 0.010503224259332282,
      "mean_tbler": 0.0,
      "mean_sinr_db": 13.675498313297025,
      "p05_sinr_db": -6.512101173400879,
      "mean_mcs_index": -1.0,
      "p05_mcs_index": -1.0,
      "mean_data_fraction": 0.6675324675324674,
      "mean_csi_overhead": 0.013883026695526698,
      "mean_ssb_overhead": 0.005194805194805195,
      "mean_ctrl_overhead": 0.09870129870129872,
      "mean_dl_available_fraction": 0.7714285714285715,
      "sensing_hint_usage_fraction": 0.7634785353535354,
      "sensing_fallback_fraction": 0.23652146464646465,
      "mean_sensing_candidate_beams_when_used": 2.579443502708066,
      "sensing_gate_rejected_fraction": 0.03970302139992853,
      "handover_count": 25,
      "weather_id": "clear_day",
      "csi_rs_period_ms": 5.0,
      "loss_variant": "v3_rt_anchor_beam_top1_ce_cross_agent",
      "detector": "top1_ce_cross_agent",
      "source": "v9_source_reused",
      "mean_system_rate_delta_vs_baseline_bps": -112525005.24098396,
      "mean_system_rate_delta_vs_baseline_percent": -2.2120075234048566
    },
    {
      "mean_system_rate_bps": 4977309739.725892,
      "p05_system_rate_bps": 0.0,
      "mean_ue_rate_when_scheduled_bps": 343652356.9793433,
      "p05_ue_rate_when_scheduled_bps": 24251766.58413627,
      "outage_fraction": 0.005880055583742627,
      "mean_tbler": 0.0,
      "mean_sinr_db": 14.382236051538875,
      "p05_sinr_db": -5.440032958984375,
      "mean_mcs_index": -1.0,
      "p05_mcs_index": -1.0,
      "mean_data_fraction": 0.6675324675324674,
      "mean_csi_overhead": 0.017346681096681093,
      "mean_ssb_overhead": 0.005194805194805195,
      "mean_ctrl_overhead": 0.09870129870129872,
      "mean_dl_available_fraction": 0.7714285714285715,
      "sensing_hint_usage_fraction": 0.821780303030303,
      "sensing_fallback_fraction": 0.17821969696969697,
      "mean_sensing_candidate_beams_when_used": 3.5653376353998616,
      "sensing_gate_rejected_fraction": 0.024724657226342997,
      "handover_count": 25,
      "weather_id": "clear_day",
      "csi_rs_period_ms": 5.0,
      "loss_variant": "v3_rt_anchor_beam_power_kl_only_cross_agent",
      "detector": "power_kl_only_cross_agent",
      "source": "v9_source_reused",
      "mean_system_rate_delta_vs_baseline_bps": -109698511.84545135,
      "mean_system_rate_delta_vs_baseline_percent": -2.1564445430487793
    },
    {
      "mean_system_rate_bps": 4731946510.351257,
      "p05_system_rate_bps": 0.0,
      "mean_ue_rate_when_scheduled_bps": 325033814.37757707,
      "p05_ue_rate_when_scheduled_bps": 3821152.5841192766,
      "outage_fraction": 0.010697135086238822,
      "mean_tbler": 0.0,
      "mean_sinr_db": 12.388825399689065,
      "p05_sinr_db": -13.923598289489746,
      "mean_mcs_index": -1.0,
      "p05_mcs_index": -1.0,
      "mean_data_fraction": 0.6675324675324674,
      "mean_csi_overhead": 0.01809929653679653,
      "mean_ssb_overhead": 0.005194805194805195,
      "mean_ctrl_overhead": 0.09870129870129872,
      "mean_dl_available_fraction": 0.7714285714285715,
      "sensing_hint_usage_fraction": 0.5647095959595959,
      "sensing_fallback_fraction": 0.43529040404040403,
      "mean_sensing_candidate_beams_when_used": 3.647344885410844,
      "sensing_gate_rejected_fraction": 0.18633738117978807,
      "handover_count": 39,
      "weather_id": "rain_fog_day",
      "csi_rs_period_ms": 5.0,
      "loss_variant": "power_kl_ranking_cross_agent",
      "detector": "cross_agent_multimodal",
      "source": "rain_margin010_refresh",
      "mean_system_rate_delta_vs_baseline_bps": 0.0,
      "mean_system_rate_delta_vs_baseline_percent": 0.0
    },
    {
      "mean_system_rate_bps": 4825644120.749521,
      "p05_system_rate_bps": 0.0,
      "mean_ue_rate_when_scheduled_bps": 323725809.45074767,
      "p05_ue_rate_when_scheduled_bps": 3357191.4951135586,
      "outage_fraction": 0.019335914504561656,
      "mean_tbler": 0.0,
      "mean_sinr_db": 12.215632635570914,
      "p05_sinr_db": -14.495755195617676,
      "mean_mcs_index": -1.0,
      "p05_mcs_index": -1.0,
      "mean_data_fraction": 0.6675324675324674,
      "mean_csi_overhead": 0.015727212602212604,
      "mean_ssb_overhead": 0.005194805194805195,
      "mean_ctrl_overhead": 0.09870129870129872,
      "mean_dl_available_fraction": 0.7714285714285715,
      "sensing_hint_usage_fraction": 0.5664930555555555,
      "sensing_fallback_fraction": 0.43350694444444443,
      "mean_sensing_candidate_beams_when_used": 2.769119326888251,
      "sensing_gate_rejected_fraction": 0.15633226776983827,
      "handover_count": 39,
      "weather_id": "rain_fog_day",
      "csi_rs_period_ms": 5.0,
      "loss_variant": "v3_rt_anchor_beam_top1_ce_cross_agent",
      "detector": "top1_ce_cross_agent",
      "source": "rain_margin010_refresh",
      "mean_system_rate_delta_vs_baseline_bps": 93697610.39826393,
      "mean_system_rate_delta_vs_baseline_percent": 1.9801071333604034
    },
    {
      "mean_system_rate_bps": 4799941967.549212,
      "p05_system_rate_bps": 0.0,
      "mean_ue_rate_when_scheduled_bps": 329436083.314902,
      "p05_ue_rate_when_scheduled_bps": 3728720.4373966563,
      "outage_fraction": 0.014321145136998052,
      "mean_tbler": 0.0,
      "mean_sinr_db": 12.552350561998123,
      "p05_sinr_db": -14.029549598693848,
      "mean_mcs_index": -1.0,
      "p05_mcs_index": -1.0,
      "mean_data_fraction": 0.6675324675324674,
      "mean_csi_overhead": 0.01802864959114959,
      "mean_ssb_overhead": 0.005194805194805195,
      "mean_ctrl_overhead": 0.09870129870129872,
      "mean_dl_available_fraction": 0.7714285714285715,
      "sensing_hint_usage_fraction": 0.5623579545454546,
      "sensing_fallback_fraction": 0.43764204545454544,
      "mean_sensing_candidate_beams_when_used": 3.6194886475260306,
      "sensing_gate_rejected_fraction": 0.18974417282546902,
      "handover_count": 39,
      "weather_id": "rain_fog_day",
      "csi_rs_period_ms": 5.0,
      "loss_variant": "v3_rt_anchor_beam_power_kl_only_cross_agent",
      "detector": "power_kl_only_cross_agent",
      "source": "rain_margin010_refresh",
      "mean_system_rate_delta_vs_baseline_bps": 67995457.19795513,
      "mean_system_rate_delta_vs_baseline_percent": 1.4369447551702725
    },
    {
      "mean_system_rate_bps": 4164642528.003943,
      "p05_system_rate_bps": 0.0,
      "mean_ue_rate_when_scheduled_bps": 290874182.7030162,
      "p05_ue_rate_when_scheduled_bps": 4142289.0600833027,