{
  "rows": [
    {
      "mean_system_rate_bps": 5087008251.571343,
      "p05_system_rate_bps": 0.0,
      "mean_ue_rate_when_scheduled_bps": 350135445.6564951,
      "p05_ue_rate_when_scheduled_bps": 22373238.85614222,
      "outage_fraction": 0.006184212355910286,
      "mean_tbler": 0.0,
      "mean_sinr_db": 14.674953198701711,
      "p05_sinr_db": -5.823326110839844,
      "mean_mcs_index": -1.0,
      "p05_mcs_index": -1.0,
      "mean_data_fraction": 0.6675324675324674,
      "mean_csi_overhead": 0.01746843434343434,
      "mean_ssb_overhead": 0.005194805194805195,
      "mean_ctrl_overhead": 0.09870129870129872,
      "mean_dl_available_fraction": 0.7714285714285715,
      "sensing_hint_usage_fraction": 0.8155618686868686,
      "sensing_fallback_fraction": 0.1844381313131313,
      "mean_sensing_candidate_beams_when_used": 3.5933738437125053,
      "sensing_gate_rejected_fraction": 0.010342053855287853,
      "handover_count": 25,
      "weather_id": "clear_day",
      "csi_rs_period_ms": 5.0,
      "detector": "cross_agent_multimodal",
      "source": "core/sensing_imm",
      "mean_system_rate_delta_vs_baseline_bps": 0.0,
      "mean_system_rate_delta_vs_baseline_percent": 0.0
    },
    {
      "mean_system_rate_bps": 4925816579.306967,
      "p05_system_rate_bps": 0.0,
      "mean_ue_rate_when_scheduled_bps": 338492103.1438572,
      "p05_ue_rate_when_scheduled_bps": 18571839.38676661,
      "outage_fraction": 0.008167199838269832,
      "mean_tbler": 0.0,
      "mean_sinr_db": 14.022996222973523,
      "p05_sinr_db": -6.734103679656982,
      "mean_mcs_index": -1.0,
      "p05_mcs_index": -1.0,
      "mean_data_fraction": 0.6675324675324674,
      "mean_csi_overhead": 0.017429277898027895,
      "mean_ssb_overhead": 0.005194805194805195,
      "mean_ctrl_overhead": 0.09870129870129872,
      "mean_dl_available_fraction": 0.7714285714285715,
      "sensing_hint_usage_fraction": 0.7762626262626262,
      "sensing_fallback_fraction": 0.22373737373737373,
      "mean_sensing_candidate_beams_when_used": 3.562195022771633,
      "sensing_gate_rejected_fraction": 0.043559427504667084,
      "handover_count": 25,
      "weather_id": "clear_day",
      "csi_rs_period_ms": 5.0,
      "detector": "single_station_multimodal",
      "source": "modality_ablation",
      "mean_system_rate_delta_vs_baseline_bps": -161191672.26437664,
      "mean_system_rate_delta_vs_baseline_percent": -3.168692958470936
    },
    {
      "mean_system_rate_bps": 4684175260.221397,
      "p05_system_rate_bps": 0.0,
      "mean_ue_rate_when_scheduled_bps": 324771103.0966721,
      "p05_ue_rate_when_scheduled_bps": 8428495.174104517,
      "outage_fraction": 0.012318983946451988,
      "mean_tbler": 0.0,
      "mean_sinr_db": 13.065242120539475,
      "p05_sinr_db": -10.393962860107422,
      "mean_mcs_index": -1.0,
      "p05_mcs_index": -1.0,
      "mean_data_fraction": 0.6675324675324674,
      "mean_csi_overhead": 0.018072014790764788,
      "mean_ssb_overhead": 0.005194805194805195,
      "mean_ctrl_overhead": 0.09870129870129872,
      "mean_dl_available_fraction": 0.7714285714285715,
      "sensing_hint_usage_fraction": 0.7506944444444444,
      "sensing_fallback_fraction": 0.24930555555555556,
      "mean_sensing_candidate_beams_when_used": 3.7270835085358676,
      "sensing_gate_rejected_fraction": 0.011225677698320306,
      "handover_count": 25,
      "weather_id": "clear_day",
      "csi_rs_period_ms": 5.0,
      "detector": "camera_only",
      "source": "modality_ablation",
      "mean_system_rate_delta_vs_baseline_bps": -402832991.349946,
      "mean_system_rate_delta_vs_baseline_percent": -7.918858618432819
    },
    {
      "mean_system_rate_bps": 4757394413.562278,
      "p05_system_rate_bps": 0.0,
      "mean_ue_rate_when_scheduled_bps": 328873101.95029914,
      "p05_ue_rate_when_scheduled_bps": 10315154.709599234,
      "outage_fraction": 0.009716440877831379,
      "mean_tbler": 0.0,
      "mean_sinr_db": 13.340408096319655,
      "p05_sinr_db": -9.47476863861084,
      "mean_mcs_index": -1.0,
      "p05_mcs_index": -1.0,
      "mean_data_fraction": 0.6675324675324674,
      "mean_csi_overhead": 0.017786044973544968,
      "mean_ssb_overhead": 0.005194805194805195,
      "mean_ctrl_overhead": 0.09870129870129872,
      "mean_dl_available_fraction": 0.7714285714285715,
      "sensing_hint_usage_fraction": 0.7268781565656566,
      "sensing_fallback_fraction": 0.2731218434343434,
      "mean_sensing_candidate_beams_when_used": 3.6355227445445664,
      "sensing_gate_rejected_fraction": 0.017912357394178485,
      "handover_count": 25,
      "weather_id": "clear_day",
      "csi_rs_period_ms": 5.0,
      "detector": "isac_only",
      "source": "modality_ablation",
      "mean_system_rate_delta_vs_baseline_bps": -329613838.0090656,
      "mean_system_rate_delta_vs_baseline_percent": -6.479522377563474
    },
    {
      "mean_system_rate_bps": 4689640067.531769,
      "p05_system_rate_bps": 0.0,
      "mean_ue_rate_when_scheduled_bps": 321614580.95621717,
      "p05_ue_rate_when_scheduled_bps": 3374279.087240046,
      "outage_fraction": 0.017021125522682853,
      "mean_tbler": 0.0,
      "mean_sinr_db": 12.021948907233432,
      "p05_sinr_db": -14.471383094787598,
      "mean_mcs_index": -1.0,
      "p05_mcs_index": -1.0,
      "mean_data_fraction": 0.6675324675324674,
      "mean_csi_overhead": 0.01793718434343434,
      "mean_ssb_overhead": 0.005194805194805195,
      "mean_ctrl_overhead": 0.09870129870129872,
      "mean_dl_available_fraction": 0.7714285714285715,
      "sensing_hint_usage_fraction": 0.6681502525252525,
      "sensing_fallback_fraction": 0.3318497474747475,
      "mean_sensing_candidate_beams_when_used": 3.650989748192942,
      "sensing_gate_rejected_fraction": 0.037294765088461364,
      "handover_count": 39,
      "weather_id": "rain_fog_day",
      "csi_rs_period_ms": 5.0,
      "detector": "cross_agent_multimodal",
      "source": "core/sensing_imm",
      "mean_system_rate_delta_vs_baseline_bps": 0.0,
      "mean_system_rate_delta_vs_baseline_percent": 0.0
    },
    {
      "mean_system_rate_bps": 4723435327.510388,
      "p05_system_rate_bps": 0.0,
      "mean_ue_rate_when_scheduled_bps": 323034638.673051,
      "p05_ue_rate_when_scheduled_bps": 3091288.527304476,
      "outage_fraction": 0.019696598127225688,
      "mean_tbler": 0.0,
      "mean_sinr_db": 11.965768933005668,
      "p05_sinr_db": -14.858480453491211,
      "mean_mcs_index": -1.0,
      "p05_mcs_index": -1.0,
      "mean_data_fraction": 0.6675324675324674,
      "mean_csi_overhead": 0.017688266594516586,
      "mean_ssb_overhead": 0.005194805194805195,
      "mean_ctrl_overhead": 0.09870129870129872,
      "mean_dl_available_fraction": 0.7714285714285715,
      "sensing_hint_usage_fraction": 0.716824494949495,
      "sensing_fallback_fraction": 0.28317550505050504,
      "mean_sensing_candidate_beams_when_used": 3.6017658197190543,
      "sensing_gate_rejected_fraction": 0.019007300531340445,
      "handover_count": 39,
      "weather_id": "rain_fog_day",
      "csi_rs_period_ms": 5.0,
      "detector": "single_station_multimodal",
      "source": "modality_ablation",
      "mean_system_rate_delta_vs_baseline_bps": 33795259.978619576,
      "mean_system_rate_delta_vs_baseline_percent": 0.7206365412262129
    },
    {
      "mean_system_rate_bps": 4593703261.07366,
      "p05_system_rate_bps": 0.0,
      "mean_ue_rate_when_scheduled_bps": 317999759.0030129,
      "p05_ue_rate_when_scheduled_bps": 2701116.895133799,
      "outage_fraction": 0.027945280672113198,
      "mean_tbler": 0.0,
      "mean_sinr_db": 11.775085521423259,
      "p05_sinr_db": -15.45257568359375,
      "mean_mcs_index": -1.0,
      "p05_mcs_index": -1.0,
      "mean_data_fraction": 0.6675324675324674,
      "mean_csi_overhead": 0.018606225949975946,
      "mean_ssb_overhead": 0.005194805194805195,
      "mean_ctrl_overhead": 0.09870129870129872,