{
  "rows": [
    {
      "mean_system_rate_bps": 5087008251.571343,
      "p05_system_rate_bps": 0.0,
      "mean_ue_rate_when_scheduled_bps": 350135445.6564951,
      "p05_ue_rate_when_scheduled_bps": 22373238.85614222,
      "outage_fraction": 0.006184212355910286,
      "mean_tbler": 0.0,
      "mean_sinr_db": 14.674953198701711,
      "p05_sinr_db": -5.823326110839844,
      "mean_mcs_index": -1.0,
      "p05_mcs_index": -1.0,
      "mean_data_fraction": 0.6675324675324674,
      "mean_csi_overhead": 0.01746843434343434,
      "mean_ssb_overhead": 0.005194805194805195,
      "mean_ctrl_overhead": 0.09870129870129872,
      "mean_dl_available_fraction": 0.7714285714285715,
      "sensing_hint_usage_fraction": 0.8155618686868686,
      "sensing_fallback_fraction": 0.1844381313131313,
      "mean_sensing_candidate_beams_when_used": 3.5933738437125053,
      "sensing_gate_rejected_fraction": 0.010342053855287853,
      "handover_count": 25,
      "weather_id": "clear_day",
      "csi_rs_period_ms": 5.0,
      "tracker": "imm_bm_v2",
      "source": "core/sensing_imm",
      "mean_system_rate_delta_vs_baseline_bps": 0.0,
      "mean_system_rate_delta_vs_baseline_percent": 0.0
    },
    {
      "mean_system_rate_bps": 4998480083.255844,
      "p05_system_rate_bps": 0.0,
      "mean_ue_rate_when_scheduled_bps": 344019088.95324945,
      "p05_ue_rate_when_scheduled_bps": 15989048.210057346,
      "outage_fraction": 0.0082624447207862,
      "mean_tbler": 0.0,
      "mean_sinr_db": 14.24127113933877,
      "p05_sinr_db": -7.437443256378174,
      "mean_mcs_index": -1.0,
      "p05_mcs_index": -1.0,
      "mean_data_fraction": 0.6675324675324674,
      "mean_csi_overhead": 0.017455131673881668,
      "mean_ssb_overhead": 0.005194805194805195,
      "mean_ctrl_overhead": 0.09870129870129872,
      "mean_dl_available_fraction": 0.7714285714285715,
      "sensing_hint_usage_fraction": 0.8190183080808081,
      "sensing_fallback_fraction": 0.18098169191919192,
      "mean_sensing_candidate_beams_when_used": 3.5916790318540075,
      "sensing_gate_rejected_fraction": 0.012558750214069606,
      "handover_count": 25,
      "weather_id": "clear_day",
      "csi_rs_period_ms": 5.0,
      "tracker": "kf_cv_bm_v2",
      "source": "tracker_ablation",
      "mean_system_rate_delta_vs_baseline_bps": -88528168.3154993,
      "mean_system_rate_delta_vs_baseline_percent": -1.7402796287612377
    },
    {
      "mean_system_rate_bps": 5084789781.65841,
      "p05_system_rate_bps": 0.0,
      "mean_ue_rate_when_scheduled_bps": 349994916.4523028,
      "p05_ue_rate_when_scheduled_bps": 22578661.225058816,
      "outage_fraction": 0.006238310771819312,
      "mean_tbler": 0.0,
      "mean_sinr_db": 14.66889817786408,
      "p05_sinr_db": -5.78508186340332,
      "mean_mcs_index": -1.0,
      "p05_mcs_index": -1.0,
      "mean_data_fraction": 0.6675324675324674,
      "mean_csi_overhead": 0.017471440596440593,
      "mean_ssb_overhead": 0.005194805194805195,
      "mean_ctrl_overhead": 0.09870129870129872,
      "mean_dl_available_fraction": 0.7714285714285715,
      "sensing_hint_usage_fraction": 0.8190498737373737,
      "sensing_fallback_fraction": 0.18095012626262627,
      "mean_sensing_candidate_beams_when_used": 3.595876288659794,
      "sensing_gate_rejected_fraction": 0.010298464765900638,
      "handover_count": 25,
      "weather_id": "clear_day",
      "csi_rs_period_ms": 5.0,
      "tracker": "kf_ct_bm_v2",
      "source": "tracker_ablation",
      "mean_system_rate_delta_vs_baseline_bps": -2218469.9129333496,
      "mean_system_rate_delta_vs_baseline_percent": -0.043610503526273596
    },
    {
      "mean_system_rate_bps": 4689640067.531769,
      "p05_system_rate_bps": 0.0,
      "mean_ue_rate_when_scheduled_bps": 321614580.95621717,
      "p05_ue_rate_when_scheduled_bps": 3374279.087240046,
      "outage_fraction": 0.017021125522682853,
      "mean_tbler": 0.0,
      "mean_sinr_db": 12.021948907233432,
      "p05_sinr_db": -14.471383094787598,
      "mean_mcs_index": -1.0,
      "p05_mcs_index": -1.0,
      "mean_data_fraction": 0.6675324675324674,
      "mean_csi_overhead": 0.01793718434343434,
      "mean_ssb_overhead": 0.005194805194805195,
      "mean_ctrl_overhead": 0.09870129870129872,
      "mean_dl_available_fraction": 0.7714285714285715,
      "sensing_hint_usage_fraction": 0.6681502525252525,
      "sensing_fallback_fraction": 0.3318497474747475,
      "mean_sensing_candidate_beams_when_used": 3.650989748192942,
      "sensing_gate_rejected_fraction": 0.037294765088461364,
      "handover_count": 39,
      "weather_id": "rain_fog_day",
      "csi_rs_period_ms": 5.0,
      "tracker": "imm_bm_v2",
      "source": "core/sensing_imm",
      "mean_system_rate_delta_vs_baseline_bps": 0.0,
      "mean_system_rate_delta_vs_baseline_percent": 0.0
    },
    {
      "mean_system_rate_bps": 4714496013.630325,
      "p05_system_rate_bps": 0.0,
      "mean_ue_rate_when_scheduled_bps": 323258176.103863,
      "p05_ue_rate_when_scheduled_bps": 3318827.0167870955,
      "outage_fraction": 0.01763691944346567,
      "mean_tbler": 0.0,
      "mean_sinr_db": 12.085987085733924,
      "p05_sinr_db": -14.542549133300781,
      "mean_mcs_index": -1.0,
      "p05_mcs_index": -1.0,
      "mean_data_fraction": 0.6675324675324674,
      "mean_csi_overhead": 0.017928315897065894,
      "mean_ssb_overhead": 0.005194805194805195,
      "mean_ctrl_overhead": 0.09870129870129872,
      "mean_dl_available_fraction": 0.7714285714285715,
      "sensing_hint_usage_fraction": 0.6674084595959596,
      "sensing_fallback_fraction": 0.33259154040404043,
      "mean_sensing_candidate_beams_when_used": 3.647811384113321,
      "sensing_gate_rejected_fraction": 0.031159071642953697,
      "handover_count": 39,
      "weather_id": "rain_fog_day",
      "csi_rs_period_ms": 5.0,
      "tracker": "kf_cv_bm_v2",
      "source": "tracker_ablation",
      "mean_system_rate_delta_vs_baseline_bps": 24855946.09855652,
      "mean_system_rate_delta_vs_baseline_percent": 0.5300182048222433
    },
    {
      "mean_system_rate_bps": 4689518725.507987,
      "p05_system_rate_bps": 0.0,
      "mean_ue_rate_when_scheduled_bps": 321551407.94925326,
      "p05_ue_rate_when_scheduled_bps": 3187531.7069617184,
      "outage_fraction": 0.01765974983031126,
      "mean_tbler": 0.0,
      "mean_sinr_db": 11.973786963557107,
      "p05_sinr_db": -14.723390579223633,
      "mean_mcs_index": -1.0,
      "p05_mcs_index": -1.0,
      "mean_data_fraction": 0.6675324675324674,
      "mean_csi_overhead": 0.017920875420875417,
      "mean_ssb_overhead": 0.005194805194805195,
      "mean_ctrl_overhead": 0.09870129870129872,
      "mean_dl_available_fraction": 0.7714285714285715,
      "sensing_hint_usage_fraction": 0.6699968434343434,
      "sensing_fallback_fraction": 0.33000315656565654,
      "mean_sensing_candidate_beams_when_used": 3.646839885986196,
      "sensing_gate_rejected_fraction": 0.0432715061639359,
      "handover_count": 39,
      "weather_id": "rain_fog_day",
      "csi_rs_period_ms": 5.0,
      "tracker": "kf_ct_bm_v2",
      "source": "tracker_ablation",
      "mean_system_rate_delta_vs_baseline_bps": -121342.02378177643,
      "mean_system_rate_delta_vs_baseline_percent": -0.0025874485468911613
    },
    {
      "mean_system_rate_bps": 4164642528.003943,
      "p05_system_rate_bps": 0.0,
      "mean_ue_rate_when_scheduled_bps": 290874182.7030162,
      "p05_ue_rate_when_scheduled_bps": 4142289.0600833027,
      "outage_fraction": 0.019077392500617303,
      "mean_tbler": 0.0,
      "mean_sinr_db": 10.693200976488384,
      "p05_sinr_db": -13.566060066223145,
      "mean_mcs_index": -1.0,
      "p05_mcs_index": -1.0,
      "mean_data_fraction": 0.6675324675324674,
      "mean_csi_overhead": 0.018393759018759018,
      "mean_ssb_overhead": 0.005194805194805195,
      "mean_ctrl_overhead": 0.09870129870129872,
      "mean_dl_available_fraction": 0.7714285714285715,