{
  "rows": [
    {
      "mean_system_rate_bps": 4974483246.330359,
      "p05_system_rate_bps": 0.0,
      "mean_ue_rate_when_scheduled_bps": 332667461.8821066,
      "p05_ue_rate_when_scheduled_bps": 19437211.2642635,
      "outage_fraction": 0.010503224259332282,
      "mean_tbler": 0.0,
      "mean_sinr_db": 13.675498313297025,
      "p05_sinr_db": -6.512101173400879,
      "mean_mcs_index": -1.0,
      "p05_mcs_index": -1.0,
      "mean_data_fraction": 0.6675324675324674,
      "mean_csi_overhead": 0.013883026695526698,
      "mean_ssb_overhead": 0.005194805194805195,
      "mean_ctrl_overhead": 0.09870129870129872,
      "mean_dl_available_fraction": 0.7714285714285715,
      "sensing_hint_usage_fraction": 0.7634785353535354,
      "sensing_fallback_fraction": 0.23652146464646465,
      "mean_sensing_candidate_beams_when_used": 2.579443502708066,
      "sensing_gate_rejected_fraction": 0.03970302139992853,
      "handover_count": 25,
      "weather_id": "clear_day",
      "csi_rs_period_ms": 5.0,
      "tracker": "imm_bm_v2",
      "source": "reused_r9m010_loss_ablation_top1_ce_imm",
      "detector": "v3_rt_anchor_beam_top1_ce_cross_agent",
      "mean_system_rate_delta_vs_baseline_bps": 0.0,
      "mean_system_rate_delta_vs_baseline_percent": 0.0
    },
    {
      "mean_system_rate_bps": 4981995035.775829,
      "p05_system_rate_bps": 0.0,
      "mean_ue_rate_when_scheduled_bps": 333006724.5740261,
      "p05_ue_rate_when_scheduled_bps": 22438606.077974495,
      "outage_fraction": 0.006614999118056381,
      "mean_tbler": 0.0,
      "mean_sinr_db": 13.807846575031027,
      "p05_sinr_db": -5.811731338500977,
      "mean_mcs_index": -1.0,
      "p05_mcs_index": -1.0,
      "mean_data_fraction": 0.6675324675324674,
      "mean_csi_overhead": 0.013788404882154883,
      "mean_ssb_overhead": 0.005194805194805195,
      "mean_ctrl_overhead": 0.09870129870129872,
      "mean_dl_available_fraction": 0.7714285714285715,
      "sensing_hint_usage_fraction": 0.7770359848484848,
      "sensing_fallback_fraction": 0.22296401515151515,
      "mean_sensing_candidate_beams_when_used": 2.5786565921231692,
      "sensing_gate_rejected_fraction": 0.020687048714021442,
      "handover_count": 25,
      "weather_id": "clear_day",
      "csi_rs_period_ms": 5.0,
      "tracker": "kf_cv_bm_v2",
      "source": "top1ce_tracker_completion",
      "detector": "v3_rt_anchor_beam_top1_ce_cross_agent",
      "mean_system_rate_delta_vs_baseline_bps": 7511789.445469856,
      "mean_system_rate_delta_vs_baseline_percent": 0.15100642767288944
    },
    {
      "mean_system_rate_bps": 4989757451.635175,
      "p05_system_rate_bps": 0.0,
      "mean_ue_rate_when_scheduled_bps": 333655676.6297674,
      "p05_ue_rate_when_scheduled_bps": 19397666.941989552,
      "outage_fraction": 0.01060349318358928,
      "mean_tbler": 0.0,
      "mean_sinr_db": 13.721297329700478,
      "p05_sinr_db": -6.519786834716797,
      "mean_mcs_index": -1.0,
      "p05_mcs_index": -1.0,
      "mean_data_fraction": 0.6675324675324674,
      "mean_csi_overhead": 0.013862208393458393,
      "mean_ssb_overhead": 0.005194805194805195,
      "mean_ctrl_overhead": 0.09870129870129872,
      "mean_dl_available_fraction": 0.7714285714285715,
      "sensing_hint_usage_fraction": 0.763794191919192,
      "sensing_fallback_fraction": 0.23620580808080807,
      "mean_sensing_candidate_beams_when_used": 2.574306732239534,
      "sensing_gate_rejected_fraction": 0.04006823501408339,
      "handover_count": 25,
      "weather_id": "clear_day",
      "csi_rs_period_ms": 5.0,
      "tracker": "kf_ct_bm_v2",
      "source": "top1ce_tracker_completion",
      "detector": "v3_rt_anchor_beam_top1_ce_cross_agent",
      "mean_system_rate_delta_vs_baseline_bps": 15274205.304815292,
      "mean_system_rate_delta_vs_baseline_percent": 0.30705109553003246
    },
    {
      "mean_system_rate_bps": 4825644120.749521,
      "p05_system_rate_bps": 0.0,
      "mean_ue_rate_when_scheduled_bps": 323725809.45074767,
      "p05_ue_rate_when_scheduled_bps": 3357191.4951135586,
      "outage_fraction": 0.019335914504561656,
      "mean_tbler": 0.0,
      "mean_sinr_db": 12.215632635570914,
      "p05_sinr_db": -14.495755195617676,
      "mean_mcs_index": -1.0,
      "p05_mcs_index": -1.0,
      "mean_data_fraction": 0.6675324675324674,
      "mean_csi_overhead": 0.015727212602212604,
      "mean_ssb_overhead": 0.005194805194805195,
      "mean_ctrl_overhead": 0.09870129870129872,
      "mean_dl_available_fraction": 0.7714285714285715,
      "sensing_hint_usage_fraction": 0.5664930555555555,
      "sensing_fallback_fraction": 0.43350694444444443,
      "mean_sensing_candidate_beams_when_used": 2.769119326888251,
      "sensing_gate_rejected_fraction": 0.15633226776983827,
      "handover_count": 39,
      "weather_id": "rain_fog_day",
      "csi_rs_period_ms": 5.0,
      "tracker": "imm_bm_v2",
      "source": "reused_r9m010_loss_ablation_top1_ce_imm",
      "detector": "v3_rt_anchor_beam_top1_ce_cross_agent",
      "mean_system_rate_delta_vs_baseline_bps": 0.0,
      "mean_system_rate_delta_vs_baseline_percent": 0.0
    },
    {
      "mean_system_rate_bps": 4833736266.624695,
      "p05_system_rate_bps": 0.0,
      "mean_ue_rate_when_scheduled_bps": 324493497.8014397,
      "p05_ue_rate_when_scheduled_bps": 3395653.400908817,
      "outage_fraction": 0.019358644767724236,
      "mean_tbler": 0.0,
      "mean_sinr_db": 12.264790476226125,
      "p05_sinr_db": -14.442970275878906,
      "mean_mcs_index": -1.0,
      "p05_mcs_index": -1.0,
      "mean_data_fraction": 0.6675324675324674,
      "mean_csi_overhead": 0.01581251503126503,
      "mean_ssb_overhead": 0.005194805194805195,
      "mean_ctrl_overhead": 0.09870129870129872,
      "mean_dl_available_fraction": 0.7714285714285715,
      "sensing_hint_usage_fraction": 0.5592803030303031,
      "sensing_fallback_fraction": 0.440719696969697,
      "mean_sensing_candidate_beams_when_used": 2.785274861722542,
      "sensing_gate_rejected_fraction": 0.16750458112108255,
      "handover_count": 39,
      "weather_id": "rain_fog_day",
      "csi_rs_period_ms": 5.0,
      "tracker": "kf_cv_bm_v2",
      "source": "top1ce_tracker_completion",
      "detector": "v3_rt_anchor_beam_top1_ce_cross_agent",
      "mean_system_rate_delta_vs_baseline_bps": 8092145.875173569,
      "mean_system_rate_delta_vs_baseline_percent": 0.16769048178208162
    },
    {
      "mean_system_rate_bps": 4838474459.434821,
      "p05_system_rate_bps": 0.0,
      "mean_ue_rate_when_scheduled_bps": 325817932.3933972,
      "p05_ue_rate_when_scheduled_bps": 3482275.6458412516,
      "outage_fraction": 0.01769603762820551,
      "mean_tbler": 0.0,
      "mean_sinr_db": 12.382501905938126,
      "p05_sinr_db": -14.32777214050293,
      "mean_mcs_index": -1.0,
      "p05_mcs_index": -1.0,
      "mean_data_fraction": 0.6675324675324674,
      "mean_csi_overhead": 0.015954560485810485,
      "mean_ssb_overhead": 0.005194805194805195,
      "mean_ctrl_overhead": 0.09870129870129872,
      "mean_dl_available_fraction": 0.7714285714285715,
      "sensing_hint_usage_fraction": 0.5320864898989899,
      "sensing_fallback_fraction": 0.4679135101010101,
      "mean_sensing_candidate_beams_when_used": 2.779254293595942,
      "sensing_gate_rejected_fraction": 0.19267702770660217,
      "handover_count": 39,
      "weather_id": "rain_fog_day",
      "csi_rs_period_ms": 5.0,
      "tracker": "kf_ct_bm_v2",
      "source": "top1ce_tracker_completion",
      "detector": "v3_rt_anchor_beam_top1_ce_cross_agent",
      "mean_system_rate_delta_vs_baseline_bps": 12830338.685299873,
      "mean_system_rate_delta_vs_baseline_percent": 0.2658782613108871
    },
    {
      "mean_system_rate_bps": 4247768263.229887,
      "p05_system_rate_bps": 0.0,
      "mean_ue_rate_when_scheduled_bps": 292242087.6386031,
      "p05_ue_rate_when_scheduled_bps": 3133216.154846278,
      "outage_fraction": 0.023487204433711495,
      "mean_tbler": 0.0,